1 - O sol é formado por vários elementos, mas principalmente é composto por hidrogênio e hélio. Cerca de 75% da sua massa é hidrogênio, enquanto o hélio compõe cerca de 25%. Outros elementos, como oxigênio, carbono, nitrogênio, ferro, neon, magnésio e silício, também estão presentes, mas em menores quantidades.

A estrutura do sol pode ser dividida em várias camadas:

1. **Núcleo**: É a parte central do sol, onde ocorre a fusão nuclear. Aqui, o hidrogênio é convertido em hélio, liberando energia na forma de luz e calor.

2. **Zona radiativa**: É a camada logo acima do núcleo. Nesta região, a energia gerada no núcleo é transferida por radiação.

3. **Zona convectiva**: Esta camada está acima da zona radiativa. Aqui, a energia é transferida por convecção, onde o material quente sobe e o material frio desce.

4. **Fotosfera**: É a camada mais externa do sol que podemos ver. É aqui que a luz solar é emitida.

5. **Cromosfera**: Está acima da fotosfera e é visível durante eclipses solares. Ela é mais quente do que a fotosfera.

6. **Coroa**: É a camada mais externa do sol, visível durante eclipses solares. A coroa é muito mais quente do que a superfície do sol.

O sol é uma estrela de sequência principal, ou seja, está na fase da sua vida em que fusiona hidrogênio em hélio no seu núcleo. Ele tem cerca de 4,6 bilhões de anos e deverá continuar a existir por mais cerca de 5 bilhões de anos antes de se tornar uma gigante vermelha e, eventualmente, uma anã branca.;

2 - O planeta Saturno é composto principalmente por gases, sendo um dos chamados planetas gasosos do nosso sistema solar. Sua estrutura é formada por camadas de diferentes composições químicas. Aqui está uma visão geral de sua composição:

1. **Núcleo**: No centro de Saturno, existe um núcleo sólido, composto principalmente por silicatos (minerais que contêm silício e oxigênio) e metais. Este núcleo é pequeno em comparação com o tamanho total do planeta.

2. **Manto**: Ao redor do núcleo, há uma camada conhecida como manto, que é composta por hidrogênio metálico (um estado de hidrogênio que se assemelha a um metal devido às condições de pressão extremamente altas) e hélio. Esta camada é responsável por gerar o campo magnético de Saturno.

3. **Atmosfera**: A camada exterior de Saturno é sua atmosfera, que é composta principalmente por hidrogênio ( cerca de 96,3% em volume) e hélio (3,2% em volume). Existem traços de outros gases, incluindo metano, amônia, água e etano. A atmosfera de Saturno também é conhecida por suas fortes tempestades e ventos, que podem chegar a velocidades de até 1.800 km/h, tornando-os alguns dos ventos mais rápidos do sistema solar.

4. **Anéis**: Um dos aspectos mais icônicos de Saturno são seus anéis, que são compostos por pequenas partículas de gelo e poeira. Esses anéis são dinâmicos e contêm material que varia desde partículas diminutas até blocos de gelo de vários metros de diâmetro.

Em resumo, Saturno é principalmente composto por hidrogênio e hélio, com um núcleo sólido no centro e uma atmosfera gasosa que circunda o manto. Seus anéis, feitos de gelo e poeira, são uma característica única e fascinante do planeta.;

3 - A falácia mais antiga encontrada nos registros históricos é o "Argumento do Ancinho" (em latim: "Ignoratio elenchi") ou "Petição de Princípio" (em latim: "Petitio principii"), ambos datados de pelo menos 350 a.C., na obra "Sofistas" de Aristóteles, mas a mais antiga é conhecida como o "Argumento de Acusação" ou "Falácia Ad Hominem", sendo que o registro da mesma pode ser encontrado na Grécia Antiga, em torno de 400 a.C. no diálogo "Eutidemo", de Platão.

No entanto, é importante notar que os registros mais antigos de falácias podem estar perdidos ou não terem sido bem documentados, portanto, é difícil determinar com certeza qual foi a primeira falácia a ser registrada. Além disso, muitas falácias podem ter sido conhecidas e utilizadas antes de serem formalmente documentadas.

Aristóteles, no entanto, é considerado um dos primeiros a sistematizar e estudar as falácias de forma metódica em sua obra "Retórica" e "Refutações Sofísticas", onde ele apresenta uma classificação e análise detalhada de várias falácias, incluindo a "Petição de Princípio", a "Falácia Ad Hominem" e outras.;

4 - Uma pergunta interessante!

A maior estrela já encontrada é VY Canis Majoris, uma estrela hipergigante vermelha localizada na constelação de Canis Maior. Ela foi descoberta em 1801 pelo astrônomo francês Jérôme Lalande.

VY Canis Majoris é uma estrela enorme, com um diâmetro cerca de 2.100 vezes maior que o do Sol. Isso significa que, se VY Canis Majoris estivesse no centro do nosso sistema solar, sua superfície estaria além da órbita de Saturno!

Aqui estão algumas características impressionantes de VY Canis Majoris:

* Diâmetro: cerca de 2.100 vezes o do Sol (ou cerca de 2.000.000.000 km)
* Raio: cerca de 1.420 vezes o do Sol
* Massa: cerca de 17 vezes a do Sol
* Luminosidade: cerca de 100.000 vezes a do Sol
* Temperatura superficial: cerca de 3.000 K (ou 2.727°C)

VY Canis Majoris é uma estrela instável e está próxima do fim de sua vida. Ela está perdendo massa a um ritmo alarmante e é provável que exploda como uma supernova em um futuro próximo, em termos astronômicos.

É importante notar que a descoberta de estrelas gigantes como VY Canis Majoris ajuda os cientistas a entender melhor a formação e evolução das estrelas, bem como a estrutura do universo como um todo.;

